,Strategy Return,SPY Buy&Hold
2017-11-01,0.0013712580679423,0.0013214312368612369
2017-11-02,0.0030153496240784,0.0003881843138859864
2017-11-03,0.0062220728743019,0.003333153467486305
2017-11-06,0.0029732291181289,0.0015465342586455932
2017-11-07,0.0026453437466175,-0.000695397839551859
2017-11-08,-0.0008159178737713,0.0016992491511684804
2017-11-09,-0.0087584935922231,-0.003634219690782814
2017-11-10,0.004343582149126,-0.00030986394308119003
2017-11-13,0.0028417388386513,0.0009291722320305951
2017-11-14,0.0019119956901207,-0.0023250794120412976
2017-11-15,-0.0067273234524135,-0.005017753399918945
2017-11-16,0.0136264125798797,0.00846487041654953
2017-11-17,-0.0040786202898583,-0.002943247085704037
2017-11-20,0.0035552300152076,0.0017051760132975602
2017-11-21,0.0095502045833797,0.006521655861845055
2017-11-22,-0.0018467339016543,-0.0008850569801701624
2017-11-24,0.0037209855898116,0.0023067993077958704
2017-11-27,-0.0013891848903303,-0.0004989651070737011
2017-11-28,0.0058975701963235,0.010093384755965218
2017-11-29,-0.0106661343811531,-0.0006086737718939972
2017-11-30,0.0120476522941198,0.008716828651902375
2017-12-01,-0.0070278122440492,-0.0020775990069719086
2017-12-04,0.0012607397756441,-0.0012105856038724383
2017-12-05,-0.0037415475275466,-0.0036032159824141985
2017-12-06,-0.0005665878949538,0.00018981052320121705
2017-12-07,0.0058695624816433,0.0031482957501616227
2017-12-08,0.0067482469301772,0.005438177493467755
2017-12-11,-0.0015019236509719,0.003008557706895232
2017-12-12,0.0030147987995641,0.0017632816340906743
2017-12-13,0.0047508663398514,-0.00011248553769238612
2017-12-14,-0.0061435174230204,-0.004094747433094348
2017-12-15,0.0063403685124429,0.008293270068751468
2017-12-18,0.0096760112737524,0.006321079863313983
2017-12-19,-0.0006899831413982,-0.0038476868136356757
2017-12-20,0.0011596296703895,-0.0005241424020727692
2017-12-21,-0.0025952120210085,0.002057290350211183
2017-12-22,0.0008851934032746,-0.00026150884170927924
2017-12-26,0.0013952056934557,-0.0011969559705020671
2017-12-27,0.0028256765180405,0.0004866656712776418
2017-12-28,0.0029126080258136,0.002055313408290793
2017-12-29,-0.0060291126236944,-0.0037779136692437376
2018-01-02,-0.0006086644718697,0.0071317593065254314
2018-01-03,0.0031362124722617,0.006305328426909007
2018-01-04,0.0016127395933688,0.004205874446406632
2018-01-05,0.0051841218306068,0.006642213262480823
2018-01-08,0.0018854447698556,0.0018269450395900222
2018-01-09,0.0050888232804869,0.0022607196351387415
2018-01-10,-0.0007619948072189,-0.0015310480340273713
2018-01-11,0.0118413338397182,0.007269420400565885
2018-01-12,0.0099214410593088,0.00649827052614782
2018-01-16,-0.0022875174539081,-0.003424162741304748
2018-01-17,0.0169646950020015,0.009486212626006463
2018-01-18,-0.0033282798834212,-0.0016819882572107758
2018-01-19,0.0094182540747789,0.00453920697013821
2018-01-22,0.0150879739380662,0.008098197828720899
2018-01-23,0.0008697160955563,0.0021200483287246996
2018-01-24,-0.0032341211211127,-0.0003884597333794204
2018-01-25,0.0011976322346613,0.000423886253299699
2018-01-26,-0.0032394662565321,0.011511422966643536
2018-01-29,-0.0143870002675151,-0.006652217714137265
2018-01-30,-0.0034189062958978,-0.010310146828614641
2018-01-31,-1.311587707133327e-06,0.0004968680123189628
2018-02-01,-0.0070291422487408,-0.001135941077726521
2018-02-02,-0.0180475120595171,-0.022010083026563265
2018-02-05,-0.0415984700895352,-0.04272258424794817
2018-02-06,0.0172499440246689,0.019510739003846922
2018-02-07,0.0019324300560755,-0.00543958643408704
2018-02-08,-0.0385063491160683,-0.0382304204124404
2018-02-09,0.0144358748460397,0.014909754921827556
2018-02-12,0.0125608638343498,0.014577888893866131
2018-02-13,0.0050261072621405,0.0024840948985538347
2018-02-14,0.0146897838652978,0.013406162830391644
2018-02-15,0.0140758796843406,0.01267926073293335
2018-02-16,-0.0002317851071458,0.00029303275786585203
2018-02-20,-0.0076303092783,-0.00628135252131834
2018-02-21,-0.003148878773801,-0.0049863342307157055
2018-02-22,0.0023972505111523,0.0012952029454327274
2018-02-23,0.0102572371980783,0.015813823155749418
2018-02-26,0.0066671620717348,0.011545248162724953
2018-02-27,-0.0088030750132431,-0.012565198300283242
2018-02-28,-0.0050149509412114,-0.01018149193951512
2018-03-01,-0.0126711514238941,-0.014647700464045066
2018-03-02,0.0108359888380505,0.005141959739444424
2018-03-05,0.0177565416708532,0.011491268705690949
2018-03-06,0.006995212169887,0.0025319980615545745
2018-03-07,0.0021431708381896,-0.00036667523645572686
2018-03-08,0.0013411344390261,0.004827764661875733
2018-03-09,0.0165195543542929,0.017252414423808204
2018-03-12,-0.0022564633576449,-0.0012556572487172346
2018-03-13,-0.0078657423005947,-0.006484226905348223
2018-03-14,-0.0016434015351802,-0.0051443462517468674
2018-03-15,-0.0006705213642219,-0.0010906892628836928
2018-03-16,0.0026894671814668,0.0010841727722272765
2018-03-19,-0.0086278410583477,-0.013623050064333952
2018-03-20,0.0128607274267231,0.0016993859975205083
2018-03-21,-0.0060499036906573,-0.0019212066083822421
2018-03-22,-0.0270721971662121,-0.025314488327035534
2018-03-23,-0.0205284924920703,-0.021545193178537758
2018-03-26,0.0359630205766537,0.02699156939177083
2018-03-27,-0.0336957061042265,-0.017158183153772377
2018-03-28,-0.0206666441031593,-0.002959241633497811
2018-03-29,0.0193014396587776,0.012696488866950517
2018-04-02,-0.0171142684262459,-0.02182070160036087
2018-04-03,0.0107818171727667,0.012735523477521049
2018-04-04,0.0070779203402391,0.010642176886180188
2018-04-05,0.0135680333419258,0.007861162591873416
2018-04-06,-0.0150733959509629,-0.022537929360826325
2018-04-09,-0.00044370668417,0.004915991826949018
2018-04-10,0.008868268774199,0.015775713686439374
2018-04-11,-0.0029347308495896,-0.005256168787364679
2018-04-12,0.0086125681602099,0.008193457450761166
2018-04-13,-0.0028425331019139,-0.0029372886633964868
2018-04-16,0.0141777217527562,0.00818800889162219
2018-04-17,0.0112793314088907,0.010641701153357275
2018-04-18,0.0013067693639781,0.0007399083522301453
2018-04-19,-0.0103789385000416,-0.005562954104446405
2018-04-20,-0.0088629586320252,-0.008515616514440438
2018-04-23,-0.0014134055177362,-0.0001501114045687757
2018-04-24,-0.00227126695544,-0.013558723254988969
2018-04-25,-0.0070145260051198,0.0024686877286326236
2018-04-26,0.0168155089062417,0.010114331440421509
2018-04-27,0.0007467657382928,0.0009380146173034731
2018-04-30,-0.0064414069756193,-0.007719845982875562
2018-05-01,-0.0025699296957837,0.0017749869731096268
2018-05-02,-0.0015814318444086,-0.0067398349742520125
2018-05-03,0.0002546374483267,-0.002206313040491459
2018-05-04,0.0049282553626151,0.0128634853068883
2018-05-07,-0.0026804477089342,0.0033773857797196882
2018-05-08,0.0038924405886444,0.0
2018-05-09,0.0167607268052564,0.009619504427407222
2018-05-10,0.0033627062735645,0.00930714055757953
2018-05-11,0.0020030353119035,0.0030465326193471753
2018-05-14,0.002199781608735,0.00047658634634828445
2018-05-15,0.0048911836241578,-0.00691106913153039
2018-05-16,0.0084001560505743,0.00419619770403834
2018-05-17,0.0208298487679934,-0.0008448720122613551
2018-05-18,-0.0063181596738148,-0.0025032459292848586
2018-05-21,0.0069002149457975,0.00749058549344106
2018-05-22,-0.0133201423743478,-0.002784017769937641
2018-05-23,-0.0012942647511103,0.002747265841258617
2018-05-24,-0.0095830100615017,-0.002050627116431336
2018-05-25,-0.0229392325770516,-0.002385729473623144
2018-05-29,0.0001334616551966,-0.011567408188938089
2018-05-30,0.0193134233338112,0.013256498937733951
2018-05-31,-0.0124848695075373,-0.006144656387453651
2018-06-01,0.0106285786324939,0.009769591207734685
2018-06-04,0.0055484483019953,0.004740091691115111
2018-06-05,-0.0002178976033732,0.0007272358915457744
2018-06-06,0.0025301658947279,0.008325905930612443
2018-06-07,-0.0077358758873363,-0.00010835407167686384
2018-06-08,0.0011774551300446,0.0029521082920940245
2018-06-11,0.0024550029136682,0.0013292325747640277
2018-06-12,0.0024509706903739,0.0012916904756954395
2018-06-13,0.004632781825281,-0.0031958905599669407
2018-06-14,0.0070021158548891,0.002514179758732915
2018-06-15,-0.003991379518758,-0.0012762220191735452
2018-06-18,0.0024333673264723,-0.0020589169115776684
2018-06-19,-0.0013855054541055,-0.003840424688911881
2018-06-20,0.005252216539103,0.0017044131313603827
2018-06-21,-0.0106422645202723,-0.006288184084047188
2018-06-22,-0.0020853078362859,0.0018214565441097008
2018-06-25,-0.0228552000006939,-0.013706353609561184
2018-06-26,0.010298393862349,0.0022115971030913784
2018-06-27,-0.0102751892729157,-0.008318674929364
2018-06-28,0.0036010060446379,0.00570095717312924
2018-06-29,0.0073593943138555,0.0014386100554268921
2018-07-02,0.0026729352854267,0.002135739678480242
2018-07-03,-0.006936734463821,-0.0035375523844027867
2018-07-05,0.0093780513842462,0.008125108091794786
2018-07-06,0.0090492161590798,0.008422773802717387
2018-07-09,0.0013157616932823,0.008963845573327411
2018-07-10,0.00418363143593,0.0035920546468704018
2018-07-11,0.0003527424345563,-0.007341611944254645
2018-07-12,0.0012417735593639,0.00902520420497055
2018-07-13,0.0007808279049711,0.0007873163698031149
2018-07-16,-0.0020493361426696,-0.0008946055847447454
2018-07-17,-0.0022039079680449,0.004037028826954447
2018-07-18,-0.0035269813489087,0.0021013581382147706
2018-07-19,-0.0013198077823712,-0.0037783417627119675
2018-07-20,-0.0020040968533934,-0.0011438342357825704
2018-07-23,-0.0006794013267484,0.0018578122652019857
2018-07-24,-0.000693196086218,0.005019378977429767
2018-07-25,0.009992465710508,0.008486164004732899
2018-07-26,0.0028916808495807,-0.002361806439063585
2018-07-27,-0.0131237608489357,-0.006799337807007255
2018-07-30,-0.0137132754146507,-0.005236816076553907
2018-07-31,0.0032182907011952,0.004916662648281722
2018-08-01,-0.0084424779287514,-0.0016714950354028701
2018-08-02,0.0075659362314009,0.005432723177964505
2018-08-03,0.001983240842892,0.004275749476628121
2018-08-06,0.002747355785995,0.003660253769043109
2018-08-07,0.0049931406724038,0.0032973270930103382
2018-08-08,-0.0007440164378527,-0.0004205956509775177
2018-08-09,-0.004335604549361,-0.0013671581152161494
2018-08-10,-0.0021938424664703,-0.0067226707153915655
2018-08-13,-0.0045921834962858,-0.0037502080557789697
2018-08-14,0.0085549846243707,0.006360035572980038
2018-08-15,-0.01208976462137,-0.007495349925608075
2018-08-16,0.0066215890001558,0.008058752095302602
2018-08-17,0.0017809217605447,0.003514237324733216
2018-08-20,0.0057045303261091,0.0021378769471800396
2018-08-21,0.008682322121483,0.002342447602238451
2018-08-22,0.0025981551984218,-0.0005937473097308299
2018-08-23,0.0043582390181948,-0.001328648696103052
2018-08-24,0.0068679552814212,0.0060002631826776565
2018-08-27,0.006452835244767,0.00786426009960639
2018-08-28,-0.0016996029362217,0.00048297865949820107
2018-08-29,0.0049158010415113,0.005366516836024182
2018-08-30,-0.002892889933149,-0.004056551210707582
2018-08-31,0.0014681775094843,3.445265939028275e-05
2018-09-04,0.0088612217806682,-0.0017238570614530602
2018-09-05,-0.0103245563104511,-0.0026950627693782536
2018-09-06,-0.0017286436204751,-0.003014679091040584
2018-09-07,0.0020813047384266,-0.0019450188429921411
2018-09-10,0.0061586348075789,0.0017369754126521642
2018-09-11,0.0038640736735314,0.0032918132989676607
2018-09-12,0.0002461169888451,0.00024241861447826807
2018-09-13,0.0016885027997082,0.0058970842219485675
2018-09-14,-0.0026962261956584,0.00017182214892130787
2018-09-17,-0.0101126091415525,-0.005308478784329829
2018-09-18,0.0090365085745518,0.0054113963829607314
2018-09-19,-0.0037768558030212,0.001065128671126736
2018-09-20,0.0059378344072104,0.00807123874372806
2018-09-21,-0.0007843301290439,-0.0009142035060207832
2018-09-24,-0.0001732907933526,-0.003327368998407465
2018-09-25,0.0024210242902529,-0.0009283186418942435
2018-09-26,0.0015647345575572,-0.0029966636546312486
2018-09-27,0.0031415240599699,0.002790253539527221
2018-09-28,0.0013304818157881,0.00010332531086820751
2018-10-01,0.0069761827509338,0.0034682420748284315
2018-10-02,-0.0153045243757901,-0.0005832410644686092
2018-10-03,-0.0036619620044273,0.0005489960796225546
2018-10-04,-0.0127828071132624,-0.007846250936548671
2018-10-05,-0.0082426467001362,-0.005613094258113627
2018-10-08,-0.0054982645015603,0.0
2018-10-09,0.0058463184860731,-0.0014601460567638114
2018-10-10,-0.0416152917665358,-0.03217546873936783
2018-10-11,-0.0138182092017721,-0.022272764588937122
2018-10-12,0.0266230124494106,0.013793087541714932
2018-10-15,-0.0073355578343171,-0.00563311689657553
2018-10-16,0.0294038157216286,0.021630090125833945
2018-10-17,-0.0073958920015282,0.0001784820901296058
2018-10-18,-0.0130206155735339,-0.014546090885750651
2018-10-19,-0.0199583364680034,-0.0005430886034432092
2018-10-22,0.0080873382031425,-0.004498832514828521
2018-10-23,-0.0108429860040236,-0.005103616223233409
2018-10-24,-0.0420167164944712,-0.03076713280546528
2018-10-25,0.0021133514836068,0.01778122506783042
2018-10-26,-0.0190653442839682,-0.017743635643009625
2018-10-29,-0.0086418559309503,-0.0055555524816357504
2018-10-30,0.0152217869290791,0.014709540429924672
2018-10-31,0.0178982115409674,0.010624595958058869
2018-11-01,-0.0042435213390976,0.010585525895567827
2018-11-02,0.0040846184354262,-0.005940867858268639
2018-11-05,0.0128081210403285,0.005501853462346773
2018-11-06,0.0039280227716268,0.006308181882033637
2018-11-07,0.0130008942381336,0.02118286554196036
2018-11-08,0.0063600128829863,-0.0018166400971697527
2018-11-09,-0.0022337886413293,-0.009816470580925163
2018-11-12,-0.004106383036353,-0.01886166903456754
2018-11-13,-0.0017917256766806,-0.0018731283898905104
2018-11-14,-0.0048356774926619,-0.006859958031363078
2018-11-15,-0.0029891971619514,0.010382333367552121
2018-11-16,0.0057766419162395,0.0025972896155286307
2018-11-19,0.0014389720535144,-0.017059110985650605
2018-11-20,-0.0253181042049345,-0.01867960569660898
2018-11-21,-0.0038963200748863,0.0034018615635584837
2018-11-23,0.0009240339517191,-0.006701290885613886
2018-11-26,0.0094448180422564,0.016015395394298082
2018-11-27,0.0089636375805818,0.003359011830519343
2018-11-28,0.0107336661209211,0.022764221697248566
2018-11-29,0.0012141338899762,-0.002187394939586973
2018-11-30,0.0050178209590607,0.006076665468407683
2018-12-03,-0.0008124341919423,0.013154595996184959
2018-12-04,-0.0248317189126179,-0.03293900061805477
2018-12-06,0.0002783069309545,-0.001518374137080336
2018-12-07,-0.0239069732187579,-0.023510152699299347
2018-12-10,0.0041038990149367,0.001895259311293529
2018-12-11,0.0014943239875955,0.00022708872542587244
2018-12-12,0.0039911812449306,0.005022974647229006
2018-12-13,-0.0004464899344358,-0.00033913420144671136
2018-12-14,-0.0168817465085917,-0.018637334367546998
2018-12-17,-0.0207874030134613,-0.0198133601158883
2018-12-18,-0.0022398974773673,-0.0010972524528929384
2018-12-19,-0.0086276239132682,-0.015088966969254436
2018-12-20,-0.0112087915504296,-0.01641177280622408
2018-12-21,-0.012760917458005,-0.020702593669922997
2018-12-24,-0.028020827254162,-0.02677813118203698
2018-12-26,0.0411782196496987,0.049289922077494275
2018-12-27,0.0109018863048429,0.007647958939818622
2018-12-28,0.0019337043337475,-0.0012908727295073419
2018-12-31,0.0102316607677321,0.008720768768824882
2019-01-02,-0.0011775519278871,0.0010397747626704756
2019-01-03,-0.032396491121639,-0.024152152974701302
2019-01-04,0.0437054181147551,0.03294698980988997
2019-01-07,0.0218955944983906,0.007853747056122629
2019-01-08,0.0061373682974019,0.009351414624396703
2019-01-09,0.006318164265874,0.004662786304336919
2019-01-10,0.0062668897348876,0.0035211472581107017
2019-01-11,0.0012411244331724,0.0003864055347175821
2019-01-14,-0.0110077228310537,-0.006119817232951519
2019-01-15,0.0153684285259931,0.01139567135263242
2019-01-16,-0.0021543767877577,0.0024171205369993842
2019-01-17,0.0095925342375015,0.007558011539303244
2019-01-18,0.0096060805343046,0.013222118589435894
2019-01-22,-0.0138063475654273,-0.013602421914345797
2019-01-23,0.0005150107222718,0.002089880748767925
2019-01-24,0.0110937808657703,0.0005315250847761632
2019-01-25,0.0075094140492272,0.008425646028851652
2019-01-28,-0.0192827064741325,-0.007629076658695055
2019-01-29,-0.006665003023141,-0.00132809445493276
2019-01-30,0.0245765793891812,0.015706881741157197
2019-01-31,0.0165977028463861,0.008744237882263306
2019-02-01,0.0003154800347202,0.00048154386301479946
2019-02-04,0.001448165655917,0.007010807552301657
2019-02-05,-0.0003750484591518,0.004183158453910707
2019-02-06,0.0014951396637043,-0.0013194861238110533
2019-02-07,0.0024107297862057,-0.009578213118149215
2019-02-08,0.0035828859811378,0.0012207282461291769
2019-02-11,0.0047168404434096,0.0005543563402001794
2019-02-12,0.0043850834757973,0.012777425429722378
2019-02-13,0.0028055191262494,0.0032415645194632248
2019-02-14,0.0021325054482958,-0.0022204056835422037
2019-02-15,0.0102947883712314,0.010838405919955996
2019-02-19,0.0025005597530741,0.0017288546254272674
2019-02-20,-0.0015875549057364,0.0020133956446937162
2019-02-21,-0.0027682715515032,-0.003562087830652594
2019-02-22,0.0068352351266397,0.0061806083529880596
2019-02-25,0.0011348591490091,0.0013607962620048042
2019-02-26,-0.0005732105679708,-0.000716140461656245
2019-02-27,0.0046533457282591,-0.00042952606307977703
2019-02-28,-0.0030712655745057,-0.0018642885870470138
2019-03-01,0.0052980278093383,0.0062241234623900965
2019-03-04,-0.0030498333575395,-0.0036437435259140116
2019-03-05,0.000758112763723,-0.001360905143412694
2019-03-06,-0.0054945039813448,-0.006075767080463201
2019-03-07,-0.0042145740038509,-0.008400240749727672
2019-03-08,-0.0012120189163384,-0.0020020635485717975
2019-03-11,0.0065073695424746,0.014397087596741187
2019-03-12,0.002798713009323,0.0037640281801030184
2019-03-13,0.0073947478083082,0.0065971458493194746
2019-03-14,0.0012120943844612,-0.0006400257220864347
2019-03-15,0.0069225363859544,0.0049284446680202265
2019-03-18,0.0066506901630131,0.0036192549015447995
2019-03-19,0.0029416680732745,0.00024783742647649376
2019-03-20,0.0009467632393619,-0.0030141717167335713
2019-03-21,0.0118076026221422,0.011231484268135361
2019-03-22,-0.0119952117452724,-0.019433980660170214
2019-03-25,0.0052153136063331,-0.000752325580372748
2019-03-26,0.0074768003255314,0.007426499368077266
2019-03-27,-0.0029417265466307,-0.005243119529358076
2019-03-28,0.0040885242757535,0.003783385305757392
2019-03-29,0.0094501291647568,0.0062857139083378755
2019-04-01,0.0001341422958684,0.011789385837204236
2019-04-02,-5.194161972930163e-05,0.0004895460841947141
2019-04-03,0.0006059102842008,0.0015727445398141526
2019-04-04,-0.0031228375886256,0.002649691504939433
2019-04-05,0.0051253080595899,0.0048284528175761565
2019-04-08,0.0033071799375628,0.0007624183912913196
2019-04-09,-0.0052215933147777,-0.005138158129230241
2019-04-10,0.0054330568830235,0.003405006476085326
2019-04-11,-0.0013895731499886,-0.0002774271711238896
2019-04-12,0.0022146871992457,0.006743107407062965
2019-04-15,0.0030019096980786,-0.0006550232391182575
2019-04-16,-0.0050783911461905,0.0006550232391182575
2019-04-17,-0.0088620357594929,-0.0024497832331569214
2019-04-18,0.000729039632261,0.0019671941384791225
2019-04-22,-0.0029133530066219,0.0008614971295717311
2019-04-23,0.0049472439314564,0.008951508268158825
2019-04-24,0.0030408350761361,-0.002221463844852778
2019-04-25,-0.0048543560693153,-0.000616408752054376
2019-04-26,0.0040125956376884,0.004646011721538557
2019-04-29,-0.0028946050054025,0.0015664319208585908
2019-04-30,0.0104886251446397,0.0005101260236637373
2019-05-01,-0.0044773984648799,-0.007545039496289263
2019-05-02,-0.003397348346257,-0.002161128276164881
2019-05-03,0.0105114905344689,0.009740136928913401
2019-05-06,-0.0036675964577212,-0.004123411818072853
2019-05-07,-0.0151093906092844,-0.016840954079533788
2019-05-08,0.000741179028579,-0.0013901028631719825
2019-05-09,-0.0020377188849015,-0.0030303413042940264
2019-05-10,0.0080639443771613,0.005011003356207411
2019-05-13,-0.021946784809796,-0.02545172252117922
2019-05-14,0.010478033377202,0.009003255141855071
2019-05-15,0.0071580959078185,0.005840433838855574
2019-05-16,0.0067428407185886,0.00921852203637119
2019-05-17,-0.0056139991165812,-0.0064860880660688736
2019-05-20,-0.0133959470144856,-0.006634066388030213
2019-05-21,0.0047725446015549,0.008975204851632057
2019-05-22,-0.0124453218694374,-0.003075997255117535
2019-05-23,-0.010831969849422,-0.01229398636297585
2019-05-24,-0.0035221503748922,0.002265849704346401
2019-05-28,-0.0077987474744639,-0.009344132825358287
2019-05-29,-0.0034885194547058,-0.006733015981998491
2019-05-30,0.0056844261199234,0.002727190149850678
2019-05-31,-0.0075102495261785,-0.0135668771687385
2019-06-03,0.0052724350115457,-0.002546152737319396
2019-06-04,0.0091822747632973,0.021474465987132874
2019-06-05,0.0111955947324341,0.008624430563422436
2019-06-06,0.0064334239252241,0.006482219200462325
2019-06-07,0.0082504942569341,0.009957246530257535
2019-06-10,-0.0021778186910501,0.0045783239037398005
2019-06-11,-0.0043730884463134,-0.00024220186796952703
2019-06-12,0.0047949176604997,-0.0017666649702023918
2019-06-13,0.0036834631044566,0.004117411739006371
2019-06-14,0.0025629845673847,-0.0011055656207936693
2019-06-17,-0.0005617612257776,0.00038020106303893186
2019-06-18,0.0015858356385847,0.010416473652580471
2019-06-19,0.0065064390208337,0.0022547078125114695
2019-06-20,0.0071396694556481,0.009508952439589713
2019-06-21,-0.0036086797545755,-0.0014543480161641753
2019-06-24,-0.0031401437163717,-0.0012254365386423771
2019-06-25,-0.0049236512410174,-0.009856346974391528
2019-06-26,-0.0082400332605429,-0.0009980692329731866
2019-06-27,0.0024725231337143,0.0035395324292819552
2019-06-28,0.0023173792137791,0.0051329396319479415
2019-07-01,0.0052599154510259,0.009037594751136524
2019-07-02,0.0053602594325223,0.002600991612462522
2019-07-03,0.0102532718233644,0.00796322712694586
2019-07-05,-0.0013725738748098,-0.001138691071491671
2019-07-08,-0.0022821254801536,-0.0055097185629540135
2019-07-09,0.0003086563396083,0.0012458716121077629
2019-07-10,0.0033748558890007,0.004766454783841745
2019-07-11,0.0031468097097565,0.002341472453722737
2019-07-12,-0.0015401194448865,0.004466580239324891
2019-07-15,0.0016799434977564,0.0003329513143643936
2019-07-16,-0.0023637600906204,-0.003230428438047994
2019-07-17,-0.0010747789081665,-0.0068283172288987615
2019-07-18,0.0066669593161796,0.0036540540152678602
2019-07-19,-0.0076139959917379,-0.005569991063431701
2019-07-22,-0.0004108084945099,0.0024532359594058306
2019-07-23,0.0030552759815365,0.007124724957743744
2019-07-24,0.0031366781887811,0.0046882525137608155
2019-07-25,0.000538199372549,-0.004788409820054795
2019-07-26,0.0099894958475747,0.006677669268933428
2019-07-29,-0.0025176303708136,-0.0018226601893722716
2019-07-30,-0.0063605757003602,-0.0024579380636957637
2019-07-31,-0.0139480410557039,-0.011000430667341021
2019-08-01,-0.0077010057613879,-0.008746556768350011
2019-08-02,-0.0051337291647932,-0.007557717216843507
2019-08-05,-0.0291708451243513,-0.030534451720209077
2019-08-06,0.0149353905263385,0.013925286527249447
2019-08-07,0.002928652366204,0.0005904814001018721
2019-08-08,0.0169050365035262,0.01943014556195166
2019-08-09,-0.003112279120871,-0.006834940037813375
2019-08-12,-0.0100056236775023,-0.012247938959281335
2019-08-13,0.0175020057742841,0.015432157117656331
2019-08-14,-0.0275424884544323,-0.030013330244716308
2019-08-15,0.0053085095732294,0.0026380590230523637
2019-08-16,0.0124673456863345,0.014647297844060603
2019-08-19,0.0089363648584245,0.011975511466009614
2019-08-20,-0.0088779766578408,-0.007691947879924221
2019-08-21,0.0063055010494106,0.00810257460810515
2019-08-22,0.0002877625451331,-0.0003078416637629644
2019-08-23,-0.024788674050658,-0.026022854387901084
2019-08-26,0.0144462926184079,0.010997563024228718
2019-08-27,0.0040601878519243,-0.003931106138323592
2019-08-28,0.0080353673321331,0.007016530478215266
2019-08-29,0.0093733224718128,0.012692026648511323
2019-08-30,-0.000276478142324,-0.0004443179609676662
2019-09-03,0.0040539890098829,-0.005864352863203415
2019-09-04,0.0098534968551958,0.01128627631256851
2019-09-05,-0.003609462908843,0.012773403440527353
2019-09-06,0.0024677742118598,0.0007718345626068768
2019-09-09,-0.0084732221175811,0.0005035198750267256
2019-09-10,-0.0136127649082274,-0.00023478247875541314
2019-09-11,0.0022126976630845,0.00708570640468853
2019-09-12,0.0075982239804668,0.0034579731269843705
2019-09-13,-0.0059587656539455,-0.0006638356007737656
2019-09-16,-0.0049433409059403,-0.0030939808151169146
2019-09-17,0.012340306267236,0.0025289090360756106
2019-09-18,0.0018944437564153,0.0005983013537589343
2019-09-19,0.0026917189059775,-6.656956694328642e-05
2019-09-20,-0.0034183669746065,-0.0047361547716269214
2019-09-23,0.0029835271150257,-0.00023473901320247847
2019-09-24,-0.0022269492626957,-0.007877554958700017
2019-09-25,-0.0013634844764901,0.005897052304117523
2019-09-26,0.0023830573510065,-0.0020854676542585437
2019-09-27,-0.004048529361549,-0.005401556682697262
2019-09-30,0.007899793981189,0.004626911422092483
2019-10-01,-0.0078840946694942,-0.011965946009041772
2019-10-02,-0.0135564218564477,-0.017822708041939528
2019-10-03,0.0035600453304253,0.008159540008836785
2019-10-04,0.0162379989866037,0.013441205796399736
2019-10-07,-0.0059767704515897,-0.00432371512216978
2019-10-08,-0.0067665601585905,-0.015646350541887344
2019-10-09,0.0082090430677825,0.009451529529111546
2019-10-10,0.0044041526151611,0.0067404983716485845
2019-10-11,0.0052973899805635,0.010313572611749144
2019-10-14,-0.0042588121354131,-0.001114096902477435
2019-10-15,0.0045271567566446,0.009851381565308515
2019-10-16,0.0001543447754549,-0.0016074319390808611
2019-10-17,0.0019969345191447,0.00294489638510953
2019-10-18,0.0053006558287588,-0.004387013908421444
2019-10-21,0.0010673198133842,0.006756425599400373
2019-10-22,0.0089358158200982,-0.0032719217781655985
2019-10-23,-0.0043456396239799,0.0029053587047878082
2019-10-24,-0.0025569755789317,0.0016325529102418912
2019-10-25,-0.001256547529166,0.004086487946574735
2019-10-28,0.003227424759868,0.005620848755747865
2019-10-29,-0.0069387283768869,-0.00029675948477514424
2019-10-30,0.0057507664034853,0.0030626352257039358
2019-10-31,-0.0039620126924526,-0.002667047482166396
2019-11-01,0.0145926656565897,0.009221368612608138
2019-11-04,0.0040123651312266,0.004009728028642634
2019-11-05,-0.0026482631711903,-0.0011070620452420243
2019-11-06,0.0019578201351295,0.00022820986636684637
2019-11-07,0.0027352473976154,0.003510464998314866
2019-11-08,0.0029509256292663,0.0024632159997661773
2019-11-11,0.000127627853168,-0.001911438021559242
2019-11-12,0.0027199776079976,0.002105476872986678
2019-11-13,0.0044354086119514,0.0003235264152765538
2019-11-14,0.0037172842121218,0.0014549983148199885
2019-11-15,0.0104093637163311,0.007210097044801245
2019-11-18,0.0053882221961049,0.0007374466227663135
2019-11-19,0.0023884818700199,-0.00028835975063135066
2019-11-20,-0.0038859796288571,-0.0037256915383441225
2019-11-21,-0.0069992720429195,-0.0016101851730985217
2019-11-22,-0.0012747261597923,0.002221212023859387
2019-11-25,0.009098575107484,0.007720353951471637
2019-11-26,-0.0065616462668083,0.002263205503048482
2019-11-27,0.0050854477535708,0.004447551825477625
2019-11-29,-0.0041283694063573,-0.003715375927086484
2019-12-02,-0.0099657226717088,-0.00853140328270996
2019-12-03,-0.0077902348987241,-0.00672885129955425
2019-12-04,0.0027324638525626,0.006151450230741595
2019-12-05,0.0023824307632778,0.001796093436825963
2019-12-06,0.0096263629323092,0.00909274094841539
2019-12-09,-0.0052190131700025,-0.003149098851187304
2019-12-10,-0.0008554839372656,-0.001116062045325883
2019-12-11,0.0032109484023725,0.0028346595133204033
2019-12-12,0.0096361926138355,0.008582328607563916
2019-12-13,2.1206648565964673e-05,0.000598982986137031
2019-12-16,0.0078619045949612,0.00684643908490834
2019-12-17,0.0001965608098842,0.000219098803517781
2019-12-18,-0.0008823352898327,6.253226564378878e-05
2019-12-19,0.0044030468869977,0.004090535451162225
2019-12-20,0.003468031271161,0.0043747843980534995
2019-12-23,0.0014047395642038,0.0015265525553225245
2019-12-24,0.0010433493090842,3.105532069191952e-05
2019-12-26,0.0060001231446783,0.0053091476539783855
2019-12-27,-0.0002108056149594,-0.0002475576412042102
2019-12-30,-0.0074955513430575,-0.005528841057959255
2019-12-31,0.0028854138486927,0.0024264537522604712
2020-01-02,0.0162641992187155,0.009308641535024975
2020-01-03,-0.0083891677324097,-0.0076010718459373905
2020-01-06,0.0011509608499533,0.0038076068462249424
2020-01-07,-0.0036182433980204,-0.0028156557174447983
2020-01-08,0.0071595273113802,0.005315384002878787
2020-01-09,0.0086529108550303,0.00675785221050873
2020-01-10,-0.0027447019832939,-0.002881752621066269
2020-01-13,0.0107121858775699,0.006853577406173983
2020-01-14,0.0010109938690032,-0.0015255671195602005
2020-01-15,-0.0012371799830447,0.002256934016213741
2020-01-16,0.0091381587310192,0.00828433029562703
2020-01-17,0.0060360549363475,0.0031076383006976016
2020-01-21,-0.0014908308557873,-0.0019600102574512945
2020-01-22,0.0013219086020957,0.0001205347711072946
2020-01-23,0.0015155391234366,0.0011462726967774728
2020-01-24,-0.0154086211627965,-0.008932674656199069
2020-01-27,-0.0161661048348637,-0.016159393666158373
2020-01-28,0.0174740927591114,0.010424387299758031
2020-01-29,-0.0028878993004242,-0.000826098945585052
2020-01-30,0.0108683594997637,0.00323992116304872
2020-01-31,-0.0276844372867507,-0.018324467600693062
2020-02-03,0.0249623520526921,0.00740084816345199
2020-02-04,0.0208169939177067,0.015126532275457016
2020-02-05,-0.0167974171169922,0.011481607612275901
2020-02-06,0.0076218922806804,0.0033591956385103927
2020-02-07,-0.0005113992691092,-0.00534387142931525
2020-02-10,0.0113828788189517,0.007437604142660703
2020-02-11,-0.0014625440002639,0.0017313867883146372
2020-02-12,0.0002206644801867,0.006422317643718145
2020-02-13,0.00539363359327,-0.0010677033634456379
2020-02-14,0.0034254437183563,0.0016008864393617372
2020-02-18,0.0075854401967763,-0.00258036687827623
2020-02-19,0.0054014937897888,0.00476990590071491
2020-02-20,-0.0070663482961033,-0.004116715603376342
2020-02-21,-0.0050778553659631,-0.010351543748535086
2020-02-24,-0.0284236059357366,-0.03372796130907307
2020-02-25,-0.0217930411379028,-0.030770492721694076
2020-02-26,-0.003231327913014,-0.0036850611263066213
2020-02-27,-0.052888012899575,-0.045951399672980564
2020-02-28,-0.0145622417836878,-0.004210609749336847
2020-03-02,0.0443920872565186,0.04239488460863594
2020-03-03,-0.0069092626132993,-0.029050189470318344
2020-03-04,0.0668919894779751,0.04117355397717759
2020-03-05,-0.0108186201145628,-0.03380668970389333
2020-03-06,0.0127418357490727,-0.016668946413188834
2020-03-09,-0.0412704027937946,-0.0813131215113998
2020-03-10,0.001221718976315,0.05045073368474107
2020-03-11,-0.0219648229236995,-0.04997663349310777
2020-03-12,-0.0732211022516517,-0.10056885554739381
2020-03-13,0.0750485160059639,0.08202806335801771
2020-03-16,-0.0545601929749075,-0.11588652511812203
2020-03-17,0.1091891584332236,0.05258500026853419
2020-03-18,-0.0136995506347048,-0.05195975870420444
2020-03-19,0.0099094737814473,0.002122549506691662
2020-03-20,-0.1108125566522364,-0.04405012419801313
2020-03-23,0.0384352792895326,-0.025900808962968647
2020-03-24,-0.0134784975639945,0.08673101281605167
2020-03-25,-0.0449291427781153,0.014859120105020551
2020-03-26,0.0510722024808867,0.05674865536678819
2020-03-27,-0.0061653271311934,-0.03023812574770357
2020-03-30,0.0509150661281223,0.03195944289415564
2020-03-31,0.0318141206520676,-0.015017470423188684
2020-04-01,-0.0632667796133007,-0.04604909556550396
2020-04-02,0.017542356266918,0.0228131358720729
2020-04-03,-0.0232021044607947,-0.014559495403185352
2020-04-06,0.0909162206793328,0.06500659959717581
2020-04-07,0.015759188939389,0.0010189130874014296
2020-04-08,0.0446680930521499,0.03301749738079618
2020-04-09,0.0270960799067239,0.015102756789161731
2020-04-13,-0.0208604407999849,-0.009172157974877138
2020-04-14,0.0146864513858698,0.029066266689342868
2020-04-15,-0.0411218534511748,-0.021476944652483176
2020-04-16,-0.0080756931212791,0.004812313476580066
2020-04-17,0.0490510571253437,0.02665727646399141
2020-04-20,-0.0234336770088274,-0.017775117634956317
2020-04-21,-0.0323165457644953,-0.030834006698167826
2020-04-22,0.0166545399526661,0.021951847869132735
2020-04-23,0.0027031851116352,-7.165039487766478e-05
2020-04-24,0.0170545620095802,0.013842743494174137
2020-04-27,0.0308051290568141,0.014315249275999697
2020-04-28,0.0155302647753849,-0.004608847020747042
2020-04-29,0.0355225956427742,0.025841573783825567
2020-04-30,-0.0289556589043346,-0.009354401135037271
2020-05-01,-0.0362868298396927,-0.026829903148971823
2020-05-04,0.0189238989029943,0.0027542360831160906
2020-05-05,0.013541845801373,0.009197088893123428
2020-05-06,0.0020740393800045,-0.0068018765266080194
2020-05-07,0.0113207782547773,0.011994632088522472
2020-05-08,0.0113475481657621,0.016410795574180348
2020-05-11,0.0074176895203189,0.00020522829115154906
2020-05-12,-0.0116444939771463,-0.020133123167065392
2020-05-13,-0.0113603311755259,-0.017844023216857963
2020-05-14,0.0159532599059354,0.011896105765164755
2020-05-15,0.0134071453567657,0.004586696070444596
2020-05-18,0.0106042202605255,0.03000482012218697
2020-05-19,0.0007150038653537,-0.010324525321054878
2020-05-20,0.0147824640001242,0.016845621241123432
2020-05-21,-0.0060394909711735,-0.00692789538859806
2020-05-22,0.0076182565243395,0.0018974220963858812
2020-05-26,-0.0056386403123667,0.012245174233984635
2020-05-27,-0.0018974523902755,0.014769276491322536
2020-05-28,0.0083419193538081,-0.0018464827899533631
2020-05-29,0.0153088798532822,0.0044458874871065035
2020-06-01,-0.0006686119141038,0.004033506377209228
2020-06-02,0.0125801214301115,0.008246103578361641
2020-06-03,0.0023980519153494,0.013220500381637912
2020-06-04,-0.0083733168595677,-0.002630050417277374
2020-06-05,0.0090082893654998,0.02530635266178738
2020-06-08,0.0028622758930432,0.012015220540375182
2020-06-09,-0.0004378368477315,-0.007484520853366483
2020-06-10,0.001209698738385,-0.005595696470217959
2020-06-11,-0.0456094599719677,-0.05937753636534726
2020-06-12,0.0055245616623392,0.011904596289644687
2020-06-15,0.0158578181801317,0.009292183714514124
2020-06-16,0.0220535652988561,0.019065025476507458
2020-06-17,0.0046032287323205,-0.004162514984721533
2020-06-18,0.0032361246584593,0.00038469336774316076
2020-06-19,-0.0050093694364799,-0.005731212387670048
2020-06-22,0.0084326141524219,0.006394720530634501
2020-06-23,-0.0004116015568994,0.004593184166359343
2020-06-24,-0.0190939355020568,-0.02583974235257802
2020-06-25,0.0088757131809759,0.010663432135418205
2020-06-26,-0.0097295082226152,-0.024038033135791892
2020-06-29,0.0100907717014522,0.014590658945799362
2020-06-30,0.0156202393861301,0.012728094605553686
2020-07-01,0.0134316839692861,0.006980734505244612
2020-07-02,0.0122379616982123,0.005491592023554759
2020-07-06,0.0338528919532541,0.015319142508945838
2020-07-07,-0.000930918511004,-0.010367274706513996
2020-07-08,0.0137648611525059,0.007619535432969116
2020-07-09,0.0127311195354257,-0.005709022172609934
2020-07-10,0.0106282716204881,0.010158524648197442
2020-07-13,-0.0219854713525634,-0.008696463883474337
2020-07-14,0.0152958112231244,0.01287597134942775
2020-07-15,0.0005380472114744,0.009145075624380716
2020-07-16,-0.0075218597947363,-0.0032987956919869887
2020-07-17,0.0018054042941197,0.0028947763711792973
2020-07-20,0.0291396240005385,0.00804903687709757
2020-07-21,-0.0185705425653681,0.0021254191688671042
2020-07-22,0.0036600388607717,0.005675842451434043
2020-07-23,-0.026387755855599,-0.012003552559940012
2020-07-24,-0.0094844627740057,-0.0064611199475193
2020-07-27,0.0263255242430481,0.007265994781706198
2020-07-28,-0.0167280737833505,-0.0063625640054434385
2020-07-29,0.0105453419460253,0.01222379698427023
2020-07-30,0.0134626044941377,-0.0035742889370729003
2020-07-31,0.0127072950613315,0.007870871814160019
2020-08-03,0.00879694187909,0.00692828736797324
2020-08-04,0.0184304486708814,0.003855010860396746
2020-08-05,0.0044471057489725,0.0061919165382091634
2020-08-06,0.0057592295499229,0.006662286857284094
2020-08-07,-0.0050830331302507,0.0007175253874232013
2020-08-10,-0.0030007358185805,0.002984400140967125
2020-08-11,-0.0220115246876239,-0.00828898347961804
2020-08-12,0.0300771639711381,0.013846185886085216
2020-08-13,0.002499626910567,-0.0018094377931410222
2020-08-14,-0.0004398252823371,2.969717882717049e-05
2020-08-17,0.0131238702456135,0.00317155828070792
2020-08-18,0.004293180227665,0.0021581892262236835
2020-08-19,0.0069385858058441,-0.004172531950032976
2020-08-20,0.0051747385322407,0.0031088525231774966
2020-08-21,0.0123611444663704,0.0035411119160606574
2020-08-24,0.0036880893894306,0.010082288619003066
2020-08-25,0.0042938209796531,0.0034930931062415738
2020-08-26,0.0079210841280008,0.00997551827256693
2020-08-27,-0.0099315514649205,0.002184239490416573
2020-08-28,0.0080806853897921,0.006438551179618557
2020-08-31,0.0110035283655057,-0.0036291458503869833
2020-09-01,0.0088450612235496,0.009374681202885427
2020-09-02,0.0008662053938948,0.014360300981740792
2020-09-03,-0.0566794845958791,-0.03502027277847741
2020-09-04,-0.0036586564980328,-0.008198350039651636
2020-09-08,-0.0538579292736566,-0.027703231741528
2020-09-09,0.0372884303503856,0.019555065309084796
2020-09-10,-0.0159956661623631,-0.017516251897081503
2020-09-11,-0.0034161268267381,0.0005089820758437114
2020-09-14,0.0277920345664547,0.013085353625125862
2020-09-15,0.0143143890477368,0.0050395901083160055
2020-09-16,-0.013898880882376,-0.0039763808010242485
2020-09-17,-0.0124870981205745,-0.008834245983130984
2020-09-18,-0.0066785325875628,-0.011579614264406679
2020-09-21,0.0080346486581314,-0.011192015635457686
2020-09-22,0.0084461548447508,0.010132944770409047
2020-09-23,-0.0319713999715228,-0.023463795972513246
2020-09-24,0.0054654398986812,0.0026617079962498735
2020-09-25,0.0235261414674168,0.01603749384591957
2020-09-28,0.018995748964197,0.016473069391819806
2020-09-29,0.0031206572413954,-0.005460830511651693
2020-09-30,0.0092295045934597,0.007553426952773279
2020-10-01,0.0039726996650635,0.0063991718947917775
2020-10-02,-0.007086058808462,-0.009539710960573267
2020-10-05,0.019937263067185,0.01757770020356908
2020-10-06,-0.0041474813569112,-0.014318070032135921
2020-10-07,0.0178605432721942,0.017257038233203126
2020-10-08,0.0040845690652798,0.00882348971841207
2020-10-09,0.0091155835603931,0.008890506098000017
2020-10-12,0.0087282347482095,0.015959564075765265
2020-10-13,0.0011781298902078,-0.006547268544779605
2020-10-14,-0.0033286843843365,-0.006303467048624611
2020-10-15,0.00218129974097,-0.0012364341716457616
2020-10-16,0.0024696794858104,-0.0006045854030567455
2020-10-19,-0.0134207496306239,-0.015320176019809395
2020-10-20,0.0088551984529595,0.003997821287406111
2020-10-21,-0.0045996659436814,-0.001894881250668945
2020-10-22,-0.0011779183604577,0.0054703342646611475
2020-10-23,0.0034402671640909,0.0033893833794040873
2020-10-26,-0.0130074622636131,-0.018652813658205147
2020-10-27,0.0051238964644895,-0.0034533085409638176
2020-10-28,-0.0376850421148202,-0.034776807074806015
2020-10-29,0.0080750272527113,0.010112416413131875
2020-10-30,-0.0154335728317371,-0.0104798626853837
2020-11-02,0.0151955444730824,0.0111462293624216
2020-11-03,0.0212833126379606,0.017501702430624988
2020-11-04,0.0043472624871145,0.02210332972983231
2020-11-05,0.0191867393418736,0.019315182912110984
2020-11-06,0.0072830381326005,-0.00022851716231198083
2020-11-09,0.0160308918126028,0.012487365307945808
2020-11-10,-0.0035438796759797,-0.0014677195999839299
2020-11-11,0.0071748716257942,0.00740104555558041
2020-11-12,-0.0096605554327307,-0.009748154376052476
2020-11-13,0.0206440371713275,0.01374927735052367
2020-11-16,0.0137088006509205,0.012405346696192865
2020-11-17,0.0013143207327231,-0.005392744156837992
2020-11-18,-0.0156662109085979,-0.012107798834083638
2020-11-19,0.0050880298001266,0.004201341907970502
2020-11-20,-0.0053766745492628,-0.0068713565217688455
2020-11-23,0.011403390560789,0.005976522624398406
2020-11-24,0.0220105900817117,0.01598523206224911
2020-11-25,-0.0015370432923367,-0.001542850574701049
2020-11-27,0.0031532330748222,0.0027812168431129436
2020-11-30,-0.0054015271869069,-0.004436872425335636
2020-12-01,0.0087986153888524,0.010877605160209747
2020-12-02,-3.7964417925872435e-05,0.002101917370414874
2020-12-03,0.0012983053287518,-0.0002729828936427481
2020-12-04,0.0108117037666397,0.008580787663538203
2020-12-07,0.0051007264371288,-0.0020569925424345215
2020-12-08,0.003529811686304,0.0029219492234506816
2020-12-09,-0.0148157516322796,-0.009009182694319051
2020-12-10,0.0053562470840545,-0.0003273595502566451
2020-12-11,-0.0072606821840635,-0.0011732757570284136
2020-12-14,0.0013826084817967,-0.004486996907716367
2020-12-15,0.0086073837919243,0.013428692672262876
2020-12-16,-0.0032842051030705,0.001568122237057601
2020-12-17,0.0075608954333457,0.005576340751671793
2020-12-18,0.003295633526191,-0.004000791392110514
2020-12-21,-0.0104336457383542,-0.0035821289487500962
2020-12-22,-0.0059215305247784,-0.0016866466690412807
2020-12-23,0.0036784983893649,0.0008981401629997166
2020-12-24,0.0037258469378209,0.003882993153986547
2020-12-28,0.0038073935569408,0.008554030205963237
2020-12-29,-0.0028257166397924,-0.001909505866849237
2020-12-30,0.0099714125551983,0.001425782203648751
2020-12-31,0.0050279539685549,0.005067893764139519
2021-01-04,-0.0113399463191376,-0.01370756166377518
2021-01-05,0.0098545182142358,0.006863693862424469
2021-01-06,0.0078654451604436,0.00596063536347291
2021-01-07,0.0259087289166773,0.014748314710340438
2021-01-08,0.0112763137462594,0.005681615607031176
2021-01-11,2.4062398673011017e-05,-0.006763678625729241
2021-01-12,-0.003794767476443,0.00021125093842311315
2021-01-13,-0.0012084161502143,0.0026892078593032664
2021-01-14,0.001779476606288,-0.0035080116696875052
2021-01-15,-0.0036862552630314,-0.007319487284095594
2021-01-19,0.0159815406695097,0.00782156698582348
2021-01-20,0.0079785562742461,0.013743627660327107
2021-01-21,-0.0057014656349069,0.0009113429489415736
2021-01-22,-0.0027800274284791,-0.003545796037139226
2021-01-25,0.0046822780292038,0.003935927181526466
2021-01-26,-0.0018812770156325,-0.0015618555548897461
2021-01-27,-0.0319083944705839,-0.024744403067576748
2021-01-28,0.0150337068492809,0.008563503357890134
2021-01-29,-0.0186983907892062,-0.020222607382975433
2021-02-01,-0.0054351726073592,0.016508481857943735
2021-02-02,-0.0154760339961013,0.014041134908632458
2021-02-03,-0.0100920601808546,0.0007859432771439856
2021-02-04,0.0117019132520842,0.011301780452808607
2021-02-05,0.0118686679817875,0.003928094587962505
2021-02-08,0.0190430443564018,0.007195917621246828
2021-02-09,-0.0022569261104277,-0.0006660766362251991
2021-02-10,0.0098411745517636,-0.00043571062614145006
2021-02-11,-0.0047550643998084,0.001613934087560942
2021-02-12,0.0377963150337917,0.0049275502402581495
2021-02-16,-0.0146138735677378,-0.0008663848108128036
2021-02-17,0.0023052606453387,0.00022953255315272258
2021-02-18,-0.0153616002275919,-0.00426514257429389
2021-02-19,-0.0050835451638165,-0.0017675648059638505
2021-02-22,-0.0095013708985576,-0.007721473000676937
2021-02-23,-0.0068953808006793,0.0012137878450912964
2021-02-24,0.0077637886839304,0.010958860990787578
2021-02-25,-0.0154904132271267,-0.024390746171961908
2021-02-26,-0.0078301162375952,-0.005166016327280865
2021-03-01,0.0236253809331476,0.023951102215601594
2021-03-02,-0.0108269502602017,-0.007833664624874892
2021-03-03,-0.0020146033540007,-0.013334402141565782
2021-03-04,-0.0217353871907152,-0.012451933128644121
2021-03-05,0.0264359444108733,0.01822939952365843
2021-03-08,-0.0018873929725144,-0.004991255424037
2021-03-09,0.0041864179822001,0.01417648018970219
2021-03-10,0.0061185502202824,0.006205375605761176
2021-03-11,0.0106942940239063,0.010088101402420335
2021-03-12,0.008265601360176,0.00134579393942591
2021-03-15,-0.0026376258265656,0.005945766022648513
2021-03-16,-0.0060625919041747,-0.0012619857793003675
2021-03-17,0.0154803062724709,0.0034040838908424575
2021-03-18,-0.0225012771993777,-0.014656464669290159
2021-03-19,-0.0039372430074962,-0.0018519230679761023
2021-03-22,-0.0021429261903551,0.007953114266411987
2021-03-23,-0.0353038353660285,-0.007901846284729785
2021-03-24,0.0023806397205959,-0.005096390419067731
2021-03-25,0.0135778325088523,0.005609826115404282
2021-03-26,0.0223193152707872,0.015986379363890357
2021-03-29,-0.0121659610058462,-0.0005052909206515466
2021-03-30,0.010489378686287,-0.002656509629734849
2021-03-31,0.0023612015870346,0.004045103707277953
2021-04-01,0.0088364921141145,0.010741331946348076
2021-04-05,0.0121797467171286,0.014250916227164012
2021-04-06,-0.0036728216835564,-0.0005906346808917107
2021-04-07,-0.0017848300852379,0.0011566004712353362
2021-04-08,0.0015432476657058,0.004735512084376836
2021-04-09,0.0079722814870696,0.0072437489124812515
2021-04-12,3.662175921535145e-06,0.00036466113909661146
2021-04-13,-0.0024675425460689,0.0029593335981230595
2021-04-14,0.0005433415850849,-0.003420975905776835
2021-04-15,0.007182640018046,0.010685116575444908
2021-04-16,0.0042503440213565,0.0033369000899607926
2021-04-19,-0.0084100351543656,-0.004925216448479652
2021-04-20,-0.008479246040297,-0.0073484748300929326
2021-04-21,0.0081607863487137,0.009417678201663726
2021-04-22,-0.012488714866026,-0.009175086053471837
2021-04-23,0.0090772332264074,0.010784003430394762
2021-04-26,-0.0022798199714588,0.0020853698306178003
2021-04-27,0.0065558166148488,-0.00021550001299974753
2021-04-28,-0.0057749479264581,-0.00028745655779616186
2021-04-29,0.0124338086109386,0.006352572808832058
2021-04-30,-0.0081169301471341,-0.006592106637709705
2021-05-03,0.0099005888485043,0.002154351909996244
2021-05-04,0.0018673189683878,-0.006188258819050496
2021-05-05,0.00098560540512,0.00031262587493863236
2021-05-06,0.0073254242085178,0.007953958402177719
2021-05-07,0.0066893415635301,0.007251419314917129
2021-05-10,-0.0059434448192406,-0.009951658566907717
2021-05-11,-0.0120576696921676,-0.008964795404383885
2021-05-12,-0.0223363521574996,-0.021474010493238715
2021-05-13,0.0155585672897773,0.011940682487399101
2021-05-14,0.0103647159797113,0.015238717997679174
2021-05-17,-0.0036642524677053,-0.002547652923424515
2021-05-18,-0.0084205654792406,-0.008652924019330932
2021-05-19,0.0036335754973614,-0.002625296256464793
2021-05-20,0.0101095412834955,0.010700379349033895
2021-05-21,0.0015682805305228,-0.0008189173190995547
2021-05-24,0.0087545484136474,0.010142578056600016
2021-05-25,-0.0001281453907436,-0.0022212029556207824
2021-05-26,0.0005932459121114,0.0019826807328415796
2021-05-27,-2.893761221700719e-05,0.0005246890272596616
2021-05-28,0.0012580007970239,0.0017872021642650893
2021-06-01,0.0021232605319423,-0.0008813064692008155
2021-06-02,0.0036919963639704,0.0015713740708251933
2021-06-03,0.0100561584318394,-0.0037182478663151386
2021-06-04,0.0072576223553284,0.009104421574489763
2021-06-07,0.0064505180961678,-0.0009707061837334052
2021-06-08,-0.005096037490654,0.00021304097946472922
2021-06-09,-0.0109965884672045,-0.0014929217137797934
2021-06-10,-0.002414346260859,0.00463762108371224
2021-06-11,0.0048361168775107,0.001651046408723822
2021-06-14,-0.0124331669975489,0.0022364938997920802
2021-06-15,-1.2602341341918542e-05,-0.0018357304295051335
2021-06-16,-0.0074044045778367,-0.0055990588560757
2021-06-17,-0.0095078349794082,-0.0003317265398994351
2021-06-18,-0.0150241731755349,-0.01358230831481766
2021-06-21,0.0227626926296241,0.014214451329712219
2021-06-22,0.0114828946330018,0.005332007040124154
2021-06-23,-0.0019418132818017,-0.0012059675154141303
2021-06-24,0.0120570335657792,0.005898302839067782
2021-06-25,-0.0016410015703033,0.0035457564455896318
2021-06-28,0.0001719628648898,0.002014023944093779
2021-06-29,0.0078177446743988,0.0005377565124735639
2021-06-30,0.0009233117356705,0.0008413743855326672
2021-07-01,0.0087124456331294,0.005521293313295317
2021-07-02,0.0104391857204456,0.007614488487000415
2021-07-06,0.0007356295322257,-0.0018230982442153376
2021-07-07,-0.0006452138910615,0.003527698149510705
2021-07-08,0.00173961165796,-0.00818123241504054
2021-07-09,0.0056208226919214,0.010618124612945756
2021-07-12,0.0056865234270936,0.0035755731087245834
2021-07-13,-0.0046598507934552,-0.003414906059084899
2021-07-14,0.0079193567039068,0.0014911974538405204
2021-07-15,0.0033346205046076,-0.003421273530662461
2021-07-16,0.0078567949650002,-0.007874671553027568
2021-07-19,0.0050133207634132,-0.014877978319835172
2021-07-20,0.0083819882184834,0.014228671888400157
2021-07-21,0.0082137563123902,0.008063649555816177
2021-07-22,0.0104831563916354,0.0020919710017270887
2021-07-23,0.0224839168060667,0.010235439356882203
2021-07-26,-0.0078176611246294,0.0024518492090921384
2021-07-27,-0.0051955493580502,-0.004567903169205856
2021-07-28,0.0073523508173936,-0.000410214424459987
2021-07-29,0.0018265714222162,0.004138822374918583
2021-07-30,0.0024726551229995,-0.004868177915513527
2021-08-02,-0.0013879358274955,-0.002100364753951034
2021-08-03,0.0256234545703216,0.008102797837932663
2021-08-04,0.0103688902031007,-0.004931305003953668
2021-08-05,0.003745282187973,0.0063128971657882005
2021-08-06,-0.004246028879982,0.0016511124774876151
2021-08-09,0.0178461917628005,-0.000813853349193927
2021-08-10,-0.0032491712036708,0.001243156082958663
2021-08-11,-0.020132622999909,0.002481828727564306
2021-08-12,0.002934957769821,0.0029924732686916755
2021-08-13,0.0033464037266149,0.0018181755069059946
2021-08-16,0.0019997489341591,0.0023519320729130655
2021-08-17,0.0009639644935733,-0.006576916458854498
2021-08-18,-0.014170834465367,-0.011005411059168857
2021-08-19,-0.003539428718638,0.0015472542909353848
2021-08-20,0.0116375520633283,0.007925407117819638
2021-08-23,0.0096728337603085,0.00875826012976244
2021-08-24,-0.0096636970795553,0.0015860412404569146
2021-08-25,0.0023308411913405,0.002096226207616958
2021-08-26,-0.009059911972173,-0.005920738702084982
2021-08-27,-0.0020789216422851,0.008901238890335783
2021-08-30,0.0014463598134602,0.004388039550143219
2021-08-31,-0.005269101519671,-0.0014827907729415557
2021-09-01,0.0009629636555501,0.0005313134724467261
2021-09-02,0.0079533014161117,0.0030719665483376346
2021-09-03,-0.0004754898808176,-0.00024277180404741472
2021-09-07,-0.0051245030698089,-0.0035817608965080794
2021-09-08,-0.0028867641417575,-0.0012191757730830588
2021-09-09,-0.004260825825647,-0.004289374629328435
2021-09-10,-0.0106880479487861,-0.007915814678445265
2021-09-13,-0.0009666674467866,0.002556037471247663
2021-09-14,-0.0069398482215777,-0.0054111356123280885
2021-09-15,0.0054101584808762,0.008317934400769111
2021-09-16,-0.0032192387204084,-0.0015865733159863282
2021-09-17,-0.0075382896061081,-0.00978862063432473
2021-09-20,-0.0170443312317794,-0.016814912974136398
2021-09-21,-0.0004563593484725,-0.0009449361570919024
2021-09-22,0.0075270640497195,0.009707384865414781
2021-09-23,0.0106639880957722,0.012076893982396975
2021-09-24,-0.0003119435736424,0.0016458580213507545
2021-09-27,-0.0021559656120859,-0.002865026637643986
2021-09-28,-0.0246618309719104,-0.020357710306718957
2021-09-29,0.0004649551806728,0.0016816532771715131
2021-09-30,-0.0141963007137662,-0.012297588533068726
2021-10-01,0.0076722490638028,0.011814036956687701
2021-10-04,-0.008367461326765,-0.012979877542248275
2021-10-05,0.0142135278946254,0.01035117183573142
2021-10-06,0.0080257710417834,0.004147527615784519
2021-10-07,0.0050992487182835,0.008608438873723756
2021-10-08,0.0068746463528034,-0.0018253775431666952
2021-10-11,-0.0007412556085407,-0.0072659666205678874
2021-10-12,0.0038035502474192,-0.00246466024006331
2021-10-13,0.0027637836014616,0.0035911252636120494
2021-10-14,0.0081976431770781,0.01668070713180203
2021-10-15,0.0090548396755405,0.007586944910546123
2021-10-18,0.0157831733965345,0.002956213271282593
2021-10-19,0.0007714005860387,0.007685127073596476
2021-10-20,-0.00185642553526,0.003920219244990086
2021-10-21,0.0141645474143849,0.002604757988574846
2021-10-22,0.0112519344086507,-0.0010367246807128083
2021-10-25,0.02417388718038,0.005348450311269737
2021-10-26,-0.0048885709583943,0.0008997667534735854
2021-10-27,-0.0010101562922493,-0.004440134233072435
2021-10-28,0.0098218293107944,0.009602618272263719
2021-10-29,0.0145313151440356,0.002027079997789727
2021-11-01,0.0041158954830264,0.0017187322104437186
2021-11-02,0.000820176520405,0.004034947378201537
2021-11-03,0.0111306824508599,0.006086643071800069
2021-11-04,0.0050398412620759,0.00470145529998689
2021-11-05,-0.0035631993998615,0.0034636340205134175
2021-11-08,0.0036827716566432,0.0008533588224821642
2021-11-09,-0.010853560693026,-0.003310872043447155
2021-11-10,-0.0057249373414546,-0.008077453607311824
2021-11-11,0.0020431579217471,0.00032356124885168924
2021-11-12,0.0028542125069595,0.007518430068333082
2021-11-15,-0.0001785663511785,0.00034239214854725475
2021-11-16,0.0063649572819014,0.003950008926968174
2021-11-17,-0.0031304406347803,-0.0024322553873856734
2021-11-18,0.003818998939995,0.003390792199094328
2021-11-19,-0.0033919774254742,-0.0017898999142849092
2021-11-22,0.0067652930915168,-0.0028190725767469615
2021-11-23,0.001541036080054,0.001325071957877455
2021-11-24,0.0031514467073071,0.0026662895852576085
2021-11-26,-0.0258664113128567,-0.022555720978194138
2021-11-29,0.0146529810285129,0.012192050661119502
2021-11-30,-0.0203422548373942,-0.019649439871475494
2021-12-01,-0.0119912457299303,-0.01116916477521368
2021-12-02,0.0028461346669161,0.015200129729676881
2021-12-03,-0.012082148336629,-0.0087394631878972
2021-12-06,-0.0074517736549155,0.011773802282318613
2021-12-07,0.0292242209678667,0.02047374387056866
2021-12-08,-0.0011836467796291,0.0026443803738400717
2021-12-09,-0.0113652616918816,-0.006774423342739588
2021-12-10,0.0147276001261415,0.00936948256733583
2021-12-13,-0.0146713848507849,-0.008897888523536679
2021-12-14,-0.0104608101523368,-0.006903785246811012
2021-12-15,0.0360255672482031,0.015504320174737352
2021-12-16,-0.0252542873519348,-0.008857672527271987
2021-12-17,-0.0125908072435311,-0.010699965622073648
2021-12-20,-0.0042539504900054,-0.010690255872390253
2021-12-21,0.0150555461176451,0.017603092273082765
2021-12-22,0.0164036685713102,0.009949034329632234
2021-12-23,0.0082413352226986,0.006202824162213183
2021-12-27,0.0215894294222962,0.014053029788593463
2021-12-28,-0.0054264111324163,-0.0008177061904941496
2021-12-29,0.002719653285007,0.001278430540137876
2021-12-30,-0.0064120234433709,-0.002768265077859766
2021-12-31,0.0012397751017723,-0.002523507672148817
2022-01-03,-0.005994040502113,0.005773440647461214
2022-01-04,0.0087291184580162,-0.0003351723985538513
2022-01-05,-0.0097738692824448,-0.01938875691523201
2022-01-06,-0.0032653829532652,-0.0009398460159371069
2022-01-07,-0.0039212013060871,-0.003961336987788222
2022-01-10,-0.0048899293438624,-0.0012451710555865247
2022-01-11,0.0064054010284004,0.0090669019972891
2022-01-12,8.534346474927316e-05,0.00269991973884931
2022-01-13,-0.0086323969535267,-0.013874429743702343
2022-01-14,-0.0077495259360438,0.0004089921920611417
2022-01-18,-0.0161294653125276,-0.01786823006157512
2022-01-19,-0.0164028158557171,-0.010437919462213507
2022-01-20,-0.0140826737834506,-0.011129649422644938
2022-01-21,-0.0129702815471444,-0.01982596596932762
2022-01-24,0.0010931462442158,0.004237734745630384
2022-01-25,-0.009171481364051,-0.01228409960139043
2022-01-26,-0.0044156188167803,-0.002511919979261812
2022-01-27,-0.0078938127167889,-0.004950202274442539
2022-01-28,0.0187434821403799,0.024532127605436216
2022-01-31,0.0077085529603797,0.017850630084003782
2022-02-01,0.0141851838735451,0.0067342634980933624
2022-02-02,0.0083826231660544,0.009667180483414306
2022-02-03,-0.0048203177529031,-0.02378552333648809
2022-02-04,0.0023235126165153,0.0046911102512519065
2022-02-07,0.0094141917013318,-0.0032145157261345148
2022-02-08,-0.004217091305313,0.008194168108864197
2022-02-09,-0.0009494982771476,0.014530103309510878
2022-02-10,-0.0052057489071916,-0.0181289772269686
2022-02-11,0.0085861177423943,-0.019915628825109444
2022-02-14,-0.0077786822368206,-0.003274750451841335
2022-02-15,-0.002119332919717,0.015998214059836258
2022-02-16,0.0068735499951739,0.0011202765005906556
2022-02-17,-0.0016779769515429,-0.021592977734356644
2022-02-18,-0.0058207249838833,-0.006496106186165029
2022-02-22,-0.0093325234078862,-0.01078963074573469
2022-02-23,0.0009994491651283,-0.01789782154874242
2022-02-24,-0.0139461361259885,0.014936922166130628
2022-02-25,0.0284023110658928,0.021824194696039356
2022-02-28,0.004292114568116,-0.002561859207493633
2022-03-01,0.0081670600518289,-0.015347311956416476
2022-03-02,0.0063372825147163,0.01822894258741581
2022-03-03,-0.0012902477436553,-0.004990853034155585
2022-03-04,0.0154789711899021,-0.008157803086089821
2022-03-07,-0.0046901444601669,-0.029922583941722536
2022-03-08,-0.0153155193853521,-0.0076105490211340054
2022-03-09,0.0060061550928159,0.026457807066922356
2022-03-10,0.0102654832310339,-0.004525792184304045
2022-03-11,-0.0079826954255317,-0.012796583339587109
2022-03-14,-0.0083441942602672,-0.007335237256323346
2022-03-15,-0.0019746610656493,0.021752279384715578
2022-03-16,-0.010723053838043,0.021931790170106602
2022-03-17,0.0251309588422274,0.01243332670976649
2022-03-18,0.0035653333806644,0.010893175870565486
2022-03-21,0.0226247797778802,-0.0002924168221420942
2022-03-22,0.0022708947529256,0.011633567381815979
2022-03-23,0.0064765492554112,-0.012962136683496439
2022-03-24,0.0097010947669611,0.014961965532387822
2022-03-25,0.0120374518419954,0.004871637880121682
2022-03-28,-0.0151264032530649,0.007087853853557924
2022-03-29,-0.0062598564021315,0.012294942061323866
2022-03-30,0.0090000906473482,-0.006193984884758308
2022-03-31,-0.0095170702502253,-0.015510957008598503
2022-04-01,0.0059467728936375,0.0028300708161026478
2022-04-04,0.0019143844957007,0.008530214513749357
2022-04-05,-0.0070530993894429,-0.012711908470214972
2022-04-06,0.0083110262062796,-0.010049651203027032
2022-04-07,0.0176163574464872,0.005026400430369726
2022-04-08,0.0080951139087434,-0.002677588427686395
2022-04-11,-0.0172874138981848,-0.017239967083360064
2022-04-12,5.894156230819357e-05,-0.0037121528215973143
2022-04-13,0.0081298287096719,0.01138844522864435
2022-04-14,0.0010197680890067,-0.012530032857878126
2022-04-18,-0.0040915845095507,0.0004111303200797778
2022-04-19,-0.000265882593046,0.016013805672391968
2022-04-20,0.0012734434657665,-0.0007418166964576756
2022-04-21,-0.0210293827312965,-0.015066487184077992
2022-04-22,-0.0310426944232675,-0.027822666690651587
2022-04-25,0.0036505983499146,0.005780950275982022
2022-04-26,-0.0180421835054904,-0.029388532859485395
2022-04-27,0.0036993728591348,0.002807826351943099
2022-04-28,0.0121885064127199,0.024945692211495007
2022-04-29,-0.0298850907419838,-0.03765573016232526
2022-05-02,-0.009951550186309,0.006001367153928072
2022-05-03,0.0128031959689946,0.004573503396205325
2022-05-04,0.02239733765324,0.029998408896212858
2022-05-05,-0.01940621931101,-0.0361898080494063
2022-05-06,-0.0064042058673665,-0.005986773790062294
2022-05-09,-0.0301138975304141,-0.03254113642751655
2022-05-10,-0.0059234893666762,0.0023078145368424785
2022-05-11,-0.007573730977198,-0.01601361015316538
2022-05-12,0.0048476688275337,-0.0010444285679129806
2022-05-13,0.0175720283917569,0.02362661729132487
2022-05-16,0.008828949168436,-0.004065864297534638
2022-05-17,0.0192638594362139,0.02036179021689488
2022-05-18,-0.0345510469672474,-0.04114665499834658
2022-05-19,-0.01092175413884,-0.006143622120301728
2022-05-20,0.0010189274465817,0.0004365228843958846
2022-05-23,0.0170969571357365,0.018537265785169232
2022-05-24,-0.0042264235503684,-0.007663206503402797
2022-05-25,0.0118156482251096,0.00879621815053433
2022-05-26,0.0148270356861691,0.01978442574089989
2022-05-27,0.0136756086535097,0.024252610693857868
2022-05-31,-0.0131974004858749,-0.0056268378070072345
2022-06-01,0.0007682244476095,-0.008121389635847187
2022-06-02,-0.0057709667185378,0.01886448432811516
2022-06-03,0.004325668799851,-0.016547778881132125
2022-06-06,0.0006259185148966,0.0030402470683039695
2022-06-07,0.0189069316872458,0.009546447529261037
2022-06-08,-0.0064504559555665,-0.010931652017122317
2022-06-09,-0.0261470294246238,-0.024070299429964415
2022-06-10,-0.0206863388475003,-0.029424364145802073
2022-06-13,-0.0427008656095745,-0.038707556443347
2022-06-14,0.0042905932687023,-0.003018033499057715
2022-06-15,-0.0060932709254805,0.01415569913300363
2022-06-16,-0.0362885729006801,-0.033656252613926796
2022-06-17,-0.0216810586304966,0.002153604210885618
2022-06-21,0.0344834892750594,0.024861859074849946
2022-06-22,-0.012691265770944,-0.0018145948947436707
2022-06-23,-0.0065152583302672,0.00975483359813989
2022-06-24,0.0251454148057625,0.03129885882581718
2022-06-27,0.0108760308625399,-0.003826962780074439
2022-06-28,0.0005676626773126,-0.020644348169218674
2022-06-29,-0.0135199158909798,-0.0008148277003829918
2022-06-30,-0.0078170678165807,-0.008157580931937858
2022-07-01,0.0080319858335196,0.010521139094250564
2022-07-05,-0.0238142142773535,0.0018866683917435623
2022-07-06,-0.0117462467844702,0.003371615870328526
2022-07-07,0.0305994835163528,0.01486610764384011
2022-07-08,-0.001583837484814,-0.000822837884002503
2022-07-11,-0.0150333197497212,-0.01148940206880944
2022-07-12,-0.0108704283118669,-0.008888273586611817
2022-07-13,-0.0039013796937051,-0.0052654714360427235
2022-07-14,-0.0143059404369963,-0.002431534778366995
2022-07-15,0.0262103176059255,0.01892493700485076
2022-07-18,0.0105506040528318,-0.008291240336858685
2022-07-19,0.0347370355512355,0.026660661577399658
2022-07-20,0.0126706880717654,0.00635291290892237
2022-07-21,-0.0075543116228835,0.010131779238047756
2022-07-22,-0.0132777176516472,-0.00932141262963615
2022-07-25,0.0187520904971498,0.001214201066278342
2022-07-26,-0.0153307771713088,-0.01190166230948364
2022-07-27,0.0274074691925709,0.025634967089748883
2022-07-28,0.0030168813600956,0.012464260043260289
2022-07-29,0.0236581690447342,0.01447359435551121
2022-08-01,-0.0024426950754754,-0.002965463709759142
2022-08-02,-0.0076637828987962,-0.0066192867832377544
2022-08-03,0.0054403702788866,0.015538138425184478
2022-08-04,-0.0100517601507376,-0.0006758366421468764
2022-08-05,0.000538949811511,-0.0016915926143514781
2022-08-08,-0.0002568751801332,-0.00116168116419324
2022-08-09,0.0005763015645204,-0.003978877690649973
2022-08-10,0.0136608660718178,0.020786452711011982
2022-08-11,0.0025213908950585,0.0
2022-08-12,0.0141007972137514,0.016787333185785513
2022-08-15,0.0018840685434264,0.004112287447891383
2022-08-16,0.001932141020009,0.0019568065936068635
2022-08-17,-0.0030212084565724,-0.0071232890472456845
2022-08-18,0.0062362839586088,0.002902135855469723
2022-08-19,-0.0091306747301613,-0.013529278512893761
2022-08-22,-0.0158006137390195,-0.021042240058697814
2022-08-23,0.0039239829111491,-0.0024221635254289
2022-08-24,0.0041572976165689,0.0031961942214495664
2022-08-25,0.0110737054973616,0.014018577084614847
2022-08-26,-0.0283592447901037,-0.03443496988304684
2022-08-29,-6.069558579033371e-05,-0.0066341641321070455
2022-08-30,-0.0147571880268903,-0.0110386755048415
2022-08-31,-0.0067200127690441,-0.007638070801846197
2022-09-01,0.0034027023411833,0.0031328846408804623
2022-09-02,-0.0117323582593307,-0.010600422248371544
2022-09-06,-0.0069808813105947,-0.0037802560226030124
2022-09-07,0.0205343360349408,0.01780558355470241
2022-09-08,0.0103716395213598,0.0065149087482954116
2022-09-09,0.0172693828545927,0.015415818849926488
2022-09-12,0.0060724072376921,0.010690389190849636
2022-09-13,-0.0487658171151597,-0.044456263076321
2022-09-14,0.0040927901482617,0.0038086411908269113
2022-09-15,-0.0118330723443544,-0.011418289621124345
2022-09-16,-0.0093022639288198,-0.007658120605476881
2022-09-19,0.0025199525114331,0.007725055211476928
2022-09-20,-0.0152239237300264,-0.011544926113872478
2022-09-21,-0.0202796557881046,-0.017597891629670848
2022-09-22,-0.012694417345176,-0.008435171172488154
2022-09-23,-0.0138344181791409,-0.01689685112360273
2022-09-26,-0.0175545989815585,-0.009941946060530782
2022-09-27,0.0007902186740369,-0.002556014354586189
2022-09-28,0.0264942687595776,0.019485369510912065
2022-09-29,-0.0200773594335768,-0.021110341009289435
2022-09-30,-0.0161536083003408,-0.015584267844528377
2022-10-03,-0.0101638829762773,0.026058811850830033
2022-10-04,0.0118479031955791,0.03051613422628119
2022-10-05,-0.0217720721769314,-0.0023309647369362807
2022-10-06,0.0021758088970829,-0.010369323384088247
2022-10-07,-0.0168032211219406,-0.028290390111558317
2022-10-10,-0.0121327713273258,-0.007664472732571426
2022-10-11,-0.0027905744612573,-0.006353186355578799
2022-10-12,-0.001575645935727,-0.003303951685743378
2022-10-13,0.0621655186319385,0.02604877139334061
2022-10-14,-0.0198670787351353,-0.02305232317423478
2022-10-17,0.0184212142207167,0.02537241137415247
2022-10-18,0.0027045975565629,0.011681066075241553
2022-10-19,-0.0218062104954741,-0.007111705396119383
2022-10-20,-0.0068299195102996,-0.00842062970386781
2022-10-21,0.0187457214697612,0.02401091441955483
2022-10-24,0.025820260481832,0.012162067895846285
2022-10-25,-0.0038673388080328,0.015842487436169783
2022-10-26,0.0248031460285407,-0.0075627153425052995
2022-10-27,-0.0091707524858861,-0.005354102017948392
2022-10-28,0.0228415131355612,0.02351193217789227
2022-10-31,-0.0029944048128358,-0.007249467220849404
2022-11-01,0.0010234176382119,-0.004385434149797085
2022-11-02,-0.0145818335002443,-0.0254164187554764
2022-11-03,0.0087171390527433,-0.010350264270764242
2022-11-04,0.0028494130768147,0.014290448204162587
2022-11-07,0.0127140204758315,0.009520159899711444
2022-11-08,0.0059484231211825,0.005380922840807045
2022-11-09,-0.0197778971764036,-0.020817279316509563
2022-11-10,0.0174541430821649,0.05349721051130807
2022-11-11,-0.0182546904373783,0.00963202473543845
2022-11-14,-0.0018831193919603,-0.008543001557399066
2022-11-15,0.0068137698466587,0.008492782585828529
2022-11-16,-0.0012592484508002,-0.007658022494140937
2022-11-17,0.0084477575184176,-0.0030645164804452563
2022-11-18,0.0048742129665164,0.004530077234844221
2022-11-21,9.198605997892684e-06,-0.003642657531480964
2022-11-22,0.0132860080592992,0.01336732389340245
2022-11-23,-0.0007088657789741,0.006281762653300937
2022-11-25,0.0039349193012852,-0.0002237702692520216
2022-11-28,-0.0132424128037416,-0.01608558239512803
2022-11-29,0.0047022407557519,-0.0017190664009190115
2022-11-30,0.0123166445866354,0.031014520441176252
2022-12-01,0.0021724960259942,-0.0007361338338531809
2022-12-02,0.004757574008769,-0.0011542058284170764
2022-12-05,-0.0099780376133873,-0.018153064571848176
2022-12-06,-0.0051986953692088,-0.014519684553684797
2022-12-07,0.0021977051797677,-0.0017026629995537945
2022-12-08,0.0058558866632319,0.007803392849033308
2022-12-09,-0.0142836268515957,-0.007498191909878216
2022-12-12,0.0102180046472467,0.014314254920445357
2022-12-13,0.0017535930716626,0.007541385816925761
2022-12-14,-0.0005348021149264,-0.006414112590594989
2022-12-15,-0.022591707546463,-0.02476579632577014
2022-12-16,-0.007607268524281,-0.011876423794091373
2022-12-19,-0.003397380019608,-0.008515842426408682
2022-12-20,-0.000180787521842,0.0013674730496617826
2022-12-21,0.0112237164056814,0.014841775014494019
2022-12-22,-0.0036487717668114,-0.014368951633302096
2022-12-23,0.0015662854975214,0.00573580937226037
2022-12-27,0.0033035909779449,-0.003951204209115211
2022-12-28,-0.0106288573720234,-0.012505842000304135
2022-12-29,0.0060516638834847,0.017840303600359597
2022-12-30,-0.0005200154644287,-0.0026375065023422906
2023-01-03,-0.0079621401579154,-0.004218832093831004
2023-01-04,0.0003224645726151,0.007690558392066116
2023-01-05,0.0005493018180834,-0.01147907815264837
2023-01-06,0.0130123996726562,0.022673097337832182
2023-01-09,-0.017830352714088,-0.0005669709541225032
2023-01-10,0.003349933559687,0.00698831111780418
2023-01-11,0.0006748248909337,0.012568494012781706
2023-01-12,0.0004039469218494,0.0036342023585786976
2023-01-13,-0.003433008125768,0.003872035150052966
2023-01-17,-0.0055374964947038,-0.0018335854673585672
2023-01-18,-0.0199756152702699,-0.015913946191484563
2023-01-19,-0.003309754515271,-0.007306448434199808
2023-01-20,0.0050172873686572,0.018457610622863996
2023-01-23,-0.0013399660682422,0.011927104135152966
2023-01-24,0.0045379155212208,-0.0010737847890478491
2023-01-25,0.0058738542525494,0.00037469441996940134
2023-01-26,-0.0023579150658384,0.010930445021938517
2023-01-27,-0.0078473378267389,0.002295076725935985
2023-01-30,-0.0010918791957378,-0.012626193934686114
2023-01-31,0.0115571993029109,0.014596252778957819
2023-02-01,0.0099419041659645,0.010571782140281094
2023-02-02,0.0027433132716605,0.014451940176797962
2023-02-03,-0.0138193025167216,-0.01068591868533808
2023-02-06,-0.0036040436387787,-0.006130126119717083
2023-02-07,0.0071114773716176,0.012993797661771112
2023-02-08,-0.0144379994778499,-0.010994929834088119
2023-02-09,-0.0017248125805466,-0.008707000086726424
2023-02-10,-0.0032851010484623,0.002330949796679249
2023-02-13,0.0142180063210708,0.011670602676084663
2023-02-14,0.0037107781724057,-0.00046021463439416266
2023-02-15,0.0034251635959434,0.003241987244416933
2023-02-16,-0.0141461894709152,-0.013864339217824373
2023-02-17,-0.0025847712029402,-0.0025014113531192095
2023-02-21,-0.0186969243374272,-0.020264941698890482
2023-02-22,0.0017619428087099,-0.0013790392230967896
2023-02-23,-0.0004978870268683,0.005305380235633983
2023-02-24,-0.0130477281938174,-0.010739958220982615
2023-02-27,0.0014702427204125,0.0034001488978896433
2023-02-28,0.0027085913827798,-0.00370283305782948
2023-03-01,0.0047564434079821,-0.0038433413987108977
2023-03-02,0.0043813975287457,0.007747124139791062
2023-03-03,0.0194406356264861,0.015910705483869414
2023-03-06,-0.0051292240205919,0.0006924509407273405
2023-03-07,-0.0103612055364577,-0.015447464317781545
2023-03-08,0.0009173597394603,0.001630935453060367
2023-03-09,-0.0235323253364169,-0.01862236829686026
2023-03-10,-0.0123095741463387,-0.014534452027108458
2023-03-13,-0.0265842078518445,-0.0014263324095855623
2023-03-14,0.0210493111374473,0.016394917179656687
2023-03-15,-0.0273781840354252,-0.0062739679329704146
2023-03-16,0.0191477388679789,0.017393073731623687
2023-03-17,-0.0177874339667486,-0.011761603485988203
2023-03-20,0.0108522246196499,0.009569699000963716
2023-03-21,0.0243388672522264,0.013045165469462994
2023-03-22,-0.0186344725454793,-0.017193513104112768
2023-03-23,0.002721633928297,0.0026996543544264284
2023-03-24,-0.0050452019008974,0.006540637343819711
2023-03-27,0.007886832418124,0.0018680284841448014
2023-03-28,2.985053222675821e-05,-0.0022471245007942287
2023-03-29,0.0146447440059255,0.01443030586487648
2023-03-30,0.0044507849023839,0.005838117030737777
2023-03-31,0.0164330940231874,0.013996184918077859
2023-04-03,0.004533337339967,0.003803426472160254
2023-04-04,-0.0026892450113144,-0.00556359939701867
2023-04-05,0.0002228040606636,-0.0026217381272477525
2023-04-06,0.0007381124350413,0.003893339468259427
2023-04-10,-0.0023983043437354,0.001025807909830867
2023-04-11,-0.0021102121765745,0.0002686610933571032
2023-04-12,-0.0016374210346089,-0.004084478488104892
2023-04-13,0.0105856253273744,0.013195366716930224
2023-04-14,-0.0001989132905347,-0.0024457846904395453
2023-04-17,0.0025276104464123,0.003581776231154521
2023-04-18,0.0033102787251013,0.0006520506910510093
2023-04-19,-0.0008851879076003,-0.00016893460163203144
2023-04-20,-0.0025557294718287,-0.005471992643236945
2023-04-21,0.0010549722096659,0.0007765423743855138
2023-04-24,0.0010009153487973,0.0010427059951068074
2023-04-25,-0.0105787408729645,-0.01600114731098845
2023-04-26,-0.0039652695941754,-0.004244657077514091
2023-04-27,0.0173738312766872,0.019712501142466365
2023-04-28,0.0107620604030433,0.008498909377095742
2023-05-01,0.0078000351574867,-0.0010102875017539148
2023-05-02,-0.0010144411612578,-0.011302898033701325
2023-05-03,-0.0055179641465833,-0.006887597321572514
2023-05-04,-0.0063763575252068,-0.007108209681589983
2023-05-05,0.0089313573907602,0.01834338640755817
2023-05-08,0.0017816089895211,0.0002664699965828632
2023-05-09,-0.0025817059081219,-0.004394936385859083
2023-05-10,0.002328771070981,0.0046614853745508
2023-05-11,-0.0018066607058686,-0.0017454834167880406
2023-05-12,-0.0001454907283501,-0.0013111900996500836
2023-05-15,0.0037386356623639,0.0034440703558829
2023-05-16,-0.0057497736837632,-0.006705098285631372
2023-05-17,0.0040811093110265,0.012065908598197339
2023-05-18,0.0042179882254373,0.009587184043722274
2023-05-19,0.0010527814598844,-0.001456170486742181
2023-05-22,-0.0103233323200311,0.00040601057390432516
2023-05-23,-0.0244255031033411,-0.011286319211059492
2023-05-24,-0.0041522452004691,-0.007271190898931579
2023-05-25,-0.0013659409921708,0.008622704354567468
2023-05-26,0.0030910535678881,0.012867584526778941
2023-05-30,-0.0040231842174928,0.0003807849913401995
2023-05-31,-0.0030630340875982,-0.005560630485983431
2023-06-01,0.0100636935802866,0.009456165091016544
2023-06-02,0.0042998818973692,0.014357538819697702
2023-06-05,0.002812381862535,-0.0019180692350033723
2023-06-06,-0.0019146154563708,0.0021751638989053745
2023-06-07,-0.0166347518964347,-0.003463738203745237
2023-06-08,0.0160342598051254,0.00603033455242219
2023-06-09,0.009068233399052,0.0017927059614395446
2023-06-12,0.0231756246341253,0.00903097503994843
2023-06-13,0.0085711593953326,0.006571280856925377
2023-06-14,0.0173829912221303,0.0011900691052870727
2023-06-15,0.0084729285770843,0.012321461653732158
2023-06-16,-0.0102625937987308,-0.003411989601477039
2023-06-20,0.0020614774028658,-0.005201751281376232
2023-06-21,-0.011918850509399,-0.005136895672684716
2023-06-22,0.0028356932469671,0.003603280720741786
2023-06-23,-0.0090405622048868,-0.007588842829719944
2023-06-26,-0.01409795224719,-0.0040940180308775
2023-06-27,0.0203747065675688,0.010903643576456012
2023-06-28,0.0022469724808972,0.0005043020079051885
2023-06-29,0.0034570641920951,0.003933553700171011
2023-06-30,0.0150062009444378,0.011731630260828574
2023-07-03,-0.0008758491916179,0.0011498306841923878
2023-07-05,0.0016995540864449,-0.0014882024331157595
2023-07-06,-0.0126345189311086,-0.007861533585769465
2023-07-07,-0.0038874491643614,-0.002527837858417925
2023-07-10,0.0114899545953279,0.002527837858417925
2023-07-11,-0.002776634727202,0.006348247709743404
2023-07-12,0.0016951600239496,0.008013795906064658
2023-07-13,-0.0012422229448605,0.007905626025676682
2023-07-14,-0.0010181004383929,-0.0006230481048072889
2023-07-17,0.0100071908877488,0.0034661687794885765
2023-07-18,0.0118140959648022,0.007403117138666815
2023-07-19,-0.0004427549028292,0.0022213757820921387
2023-07-20,-0.0151608420630606,-0.006656679738197724
2023-07-21,-0.0035701520189821,0.0
2023-07-24,-0.0009335989080857,0.004457375097779881
2023-07-25,0.0007545674900966,0.0027262806372698734
2023-07-26,-0.004209525777609,0.00015372521600554023
2023-07-27,-0.009195072832184,-0.006652134970620338
2023-07-28,0.0108837288946994,0.009742816750540229
2023-07-31,0.0053981691108094,0.0019022018024532628
2023-08-01,-0.0090375867045142,-0.0028657091569561643
2023-08-02,-0.0153813082458448,-0.01400842272663283
2023-08-03,-0.0059024523972889,-0.0028700144501101477
2023-08-04,-0.0048164287968286,-0.00453295389506625
2023-08-07,0.0139493199459107,0.008690605038288446
2023-08-08,-0.0042149986638882,-0.004358131685511246
2023-08-09,-0.013128192140654,-0.006707702758452783
2023-08-10,0.0008786063871655,0.00035893389823460353
2023-08-11,-0.0076020040825947,-0.0005832984188547385
2023-08-14,0.0128923272156113,0.005504793370914918
2023-08-15,-0.0123730545642985,-0.01171719208431199
2023-08-16,-0.008955580200923,-0.007365237496689936
2023-08-17,-0.007980301982347,-0.007649064368763447
2023-08-18,0.0020232429280599,0.00048119774494193024
2023-08-21,0.0101521116412332,0.006485192041646215
2023-08-22,-0.0079475274867126,-0.002712277494850923
2023-08-23,0.0171721744515507,0.011076187166741747
2023-08-24,-0.0157830280198677,-0.013956092871832304
2023-08-25,-0.000942821673249,0.007025142750956448
2023-08-28,0.0094902636230021,0.006321357136755523
2023-08-29,0.0188199298541545,0.014351272837465956
2023-08-30,0.0044292545417532,0.004110378808043436
2023-08-31,0.0019154330917282,-0.001464497964291489
2023-09-01,-0.0029885680061382,0.0018634786167659456
2023-09-05,-0.0049891374673495,-0.004331307572239318
2023-09-06,-0.0031059901619737,-0.006745154276461385
2023-09-07,0.0022647483877627,-0.0030749070368729647
2023-09-08,0.0042503032752206,0.001505023077676526
2023-09-11,0.0019654497791665,0.006555032575060515
2023-09-12,-0.0034909070024155,-0.00550067705429047
2023-09-13,0.001892719400553,0.0011652991325972195
2023-09-14,0.0065547745763058,0.008585403382315171
2023-09-15,-0.0162378869517678,-0.01212150001707002
2023-09-18,0.0016839252695771,0.0005863154560268313
2023-09-19,-0.0037405651312981,-0.002076034862276366
2023-09-20,-0.0083509914823851,-0.009235771157810824
2023-09-21,-0.0185794322842495,-0.01666656080160145
2023-09-22,0.0031380252021819,-0.002251037377405396
2023-09-25,0.0034593774751791,0.0041963337458827965
2023-09-26,-0.0120749242637168,-0.014800260744500804
2023-09-27,0.0049255764667284,0.0003991024109266661
2023-09-28,0.0081399890259507,0.00578074067848533
2023-09-29,-0.0074764057964359,-0.0024298372991600203
